{"lr": 0.0001230653407708063, "batch_size": 64, "n_epochs": 3, "clip_range": 0.2712864952673723, "n_steps": 512, "gamma": 0.9935548835503779}{"lr": 3.741732703428545e-05, "batch_size": 64, "n_epochs": 5, "clip_range": 0.28613049805341506, "n_steps": 512, "gamma": 0.9953268814150774, "seed": 398}{"lr": 4.539980921854614e-05, "batch_size": 1024, "n_epochs": 10, "clip_range": 0.27929105913048885, "n_steps": 1024, "gamma": 0.9951330516816996, "ent_coef": 0.002903213624740428}